column,mean,median,std
sepal.length,5.843333333333334,5.8,0.828066127977863
sepal.width,3.0573333333333332,3.0,0.4358662849366982
petal.length,3.758,4.35,1.7652982332594664
petal.width,1.1993333333333334,1.3,0.7622376689603466
